,0,1
0,"('network',)",9
1,"('policy',)",7
2,"('kernel',)",26
3,"('image',)",5
4,"('neurons',)",32
5,"('training',)",12
6,"('spike',)",6
7,"('units',)",5
8,"('neuron',)",26
9,"('images',)",13
10,"('matrix',)",6
11,"('layer',)",7
12,"('graph',)",7
13,"('tree',)",7
14,"('theorem',)",17
15,"('regret',)",13
16,"('clustering',)",35
17,"('hidden',)",7
18,"('bound',)",21
19,"('networks',)",7
20,"('action',)",7
21,"('loss',)",32
22,"('state',)",13
23,"('node',)",21
24,"('noise',)",26
25,"('object',)",3
26,"('features',)",7
27,"('log',)",29
28,"('reward',)",13
29,"('nodes',)",32
30,"('classification',)",7
31,"('convex',)",32
32,"('latent',)",39
33,"('fig',)",30
34,"('posterior',)",3
35,"('feature',)",35
36,"('model',)",3
37,"('gaussian',)",32
38,"('bayesian',)",11
39,"('visual',)",33
40,"('cells',)",13
41,"('regression',)",3
42,"('error',)",32
43,"('inference',)",13
44,"('gradient',)",33
45,"('stimulus',)",32
46,"('word',)",13
47,"('algorithm',)",27
48,"('input',)",36
49,"('synaptic',)",11
50,"('motion',)",3
51,"('sparse',)",25
52,"('output',)",13
53,"('rank',)",13
54,"('classifier',)",7
55,"('lemma',)",2
56,"('system',)",3
57,"('likelihood',)",20
58,"('activity',)",4
59,"('cell',)",35
60,"('speech',)",13
61,"('svm',)",38
62,"('recognition',)",3
63,"('distribution',)",3
64,"('mixture',)",34
65,"('response',)",32
66,"('cluster',)",3
67,"('density',)",7
68,"('bounds',)",35
69,"('weights',)",3
70,"('prior',)",3
71,"('points',)",13
72,"('norm',)",35
73,"('target',)",32
74,"('variational',)",6
75,"('signal',)",7
76,"('risk',)",32
77,"('optimization',)",26
78,"('models',)",32
79,"('sampling',)",32
80,"('class',)",13
81,"('label',)",21
82,"('memory',)",6
83,"('dynamics',)",37
84,"('rate',)",32
85,"('convergence',)",3
86,"('learning',)",21
87,"('weight',)",3
88,"('variables',)",3
89,"('prediction',)",3
90,"('states',)",26
91,"('covariance',)",35
92,"('map',)",26
93,"('objects',)",3
94,"('data',)",3
95,"('stochastic',)",32
96,"('samples',)",6
97,"('patterns',)",4
98,"('circuit',)",32
99,"('sample',)",35
100,"('control',)",38
101,"('local',)",32
102,"('optimal',)",35
103,"('energy',)",32
104,"('kernels',)",13
105,"('decision',)",3
106,"('distance',)",18
107,"('firing',)",4
108,"('chip',)",32
109,"('cost',)",3
110,"('probability',)",13
111,"('margin',)",2
112,"('field',)",7
113,"('agent',)",3
114,"('pca',)",3
115,"('clusters',)",3
116,"('estimator',)",26
117,"('test',)",32
118,"('dataset',)",35
119,"('detection',)",3
120,"('functions',)",32
121,"('regularization',)",3
122,"('sequence',)",32
123,"('markov',)",3
124,"('approximation',)",6
125,"('phase',)",13
126,"('topic',)",13
127,"('online',)",32
128,"('labels',)",2
129,"('neural',)",3
130,"('estimation',)",7
131,"('actions',)",13
132,"('reinforcement',)",26
133,"('variance',)",35
134,"('active',)",32
135,"('search',)",6
136,"('recurrent',)",37
137,"('unit',)",21
138,"('rule',)",39
139,"('frequency',)",32
140,"('algorithms',)",27
141,"('temporal',)",6
142,"('inputs',)",13
143,"('proof',)",35
144,"('time',)",6
145,"('spatial',)",38
146,"('human',)",26
147,"('task',)",3
148,"('examples',)",3
149,"('vectors',)",32
150,"('let',)",3
151,"('solution',)",32
152,"('manifold',)",3
153,"('table',)",3
154,"('selection',)",32
155,"('classifiers',)",25
156,"('filter',)",3
157,"('distributions',)",32
158,"('lasso',)",32
159,"('belief',)",3
160,"('spectral',)",34
161,"('analog',)",3
162,"('generalization',)",26
163,"('entropy',)",32
164,"('graphs',)",3
165,"('complexity',)",38
166,"('trained',)",6
167,"('signals',)",25
168,"('threshold',)",3
169,"('method',)",28
170,"('iteration',)",32
171,"('query',)",26
172,"('vector',)",32
173,"('objective',)",26
174,"('multi',)",26
175,"('accuracy',)",21
176,"('pattern',)",3
177,"('conditional',)",38
178,"('propagation',)",26
179,"('segmentation',)",38
180,"('basis',)",13
181,"('ranking',)",26
182,"('edge',)",32
183,"('metric',)",32
184,"('dual',)",35
185,"('net',)",3
186,"('words',)",35
187,"('source',)",34
188,"('cortex',)",3
189,"('matrices',)",3
190,"('update',)",2
191,"('correlation',)",38
192,"('linear',)",37
193,"('architecture',)",3
194,"('transition',)",38
195,"('binary',)",32
196,"('datasets',)",32
197,"('tensor',)",11
198,"('stimuli',)",2
199,"('activation',)",38
200,"('representation',)",26
201,"('dimensional',)",35
202,"('subjects',)",26
203,"('tasks',)",26
204,"('estimate',)",1
205,"('sti',)",38
206,"('structure',)",3
207,"('classes',)",38
208,"('components',)",38
209,"('parameters',)",3
210,"('supervised',)",26
211,"('constraints',)",32
212,"('lda',)",35
213,"('nonlinear',)",25
214,"('coding',)",26
215,"('similarity',)",3
216,"('pages',)",38
217,"('mean',)",35
218,"('level',)",26
219,"('hypothesis',)",7
220,"('game',)",2
221,"('brain',)",26
222,"('learned',)",27
223,"('population',)",32
224,"('trees',)",25
225,"('motor',)",3
226,"('dimension',)",2
227,"('feedback',)",3
228,"('labeled',)",32
229,"('max',)",38
230,"('process',)",3
231,"('descent',)",32
232,"('boosting',)",38
233,"('sequences',)",3
234,"('step',)",20
235,"('voltage',)",32
236,"('partition',)",26
237,"('space',)",33
238,"('synapses',)",3
239,"('path',)",38
240,"('regions',)",38
241,"('component',)",26
242,"('face',)",11
243,"('responses',)",33
244,"('spikes',)",38
245,"('group',)",27
246,"('orientation',)",38
247,"('block',)",27
248,"('connections',)",3
249,"('edges',)",35
250,"('ica',)",35
251,"('rules',)",3
252,"('gibbs',)",28
253,"('arm',)",35
254,"('region',)",26
255,"('continuous',)",10
256,"('position',)",26
257,"('gamma',)",26
258,"('trajectory',)",26
259,"('subspace',)",26
260,"('projection',)",13
261,"('submodular',)",38
262,"('dynamic',)",3
263,"('score',)",26
264,"('performance',)",38
265,"('global',)",26
266,"('domain',)",26
267,"('matching',)",11
268,"('receptive',)",38
269,"('adaptive',)",6
270,"('eye',)",35
271,"('rates',)",3
272,"('graphical',)",32
273,"('unlabeled',)",38
274,"('deep',)",3
275,"('observations',)",3
276,"('methods',)",21
277,"('direction',)",2
278,"('filters',)",26
279,"('hmm',)",3
280,"('sets',)",10
281,"('layers',)",26
282,"('language',)",38
283,"('bias',)",26
284,"('size',)",26
285,"('variable',)",3
286,"('finite',)",3
287,"('empirical',)",3
288,"('sparsity',)",26
289,"('random',)",32
290,"('documents',)",32
291,"('document',)",26
292,"('condition',)",26
293,"('positive',)",38
294,"('representations',)",26
295,"('probabilistic',)",3
296,"('bayes',)",35
297,"('line',)",26
298,"('hierarchical',)",26
299,"('processes',)",26
300,"('parameter',)",26
301,"('learn',)",26
302,"('probabilities',)",3
303,"('support',)",3
304,"('approximate',)",26
305,"('constraint',)",34
306,"('cortical',)",3
307,"('polynomial',)",38
308,"('principal',)",26
309,"('nearest',)",35
310,"('shape',)",38
311,"('term',)",32
312,"('bounded',)",26
313,"('factor',)",26
314,"('chain',)",3
315,"('marginal',)",35
316,"('pixel',)",10
317,"('power',)",32
318,"('strategy',)",38
319,"('low',)",26
320,"('generative',)",26
321,"('joint',)",26
322,"('estimates',)",28
323,"('greedy',)",3
324,"('dirichlet',)",26
325,"('TRUE',)",32
326,"('topics',)",26
327,"('context',)",38
328,"('point',)",35
329,"('parallel',)",38
330,"('coefficients',)",38
331,"('scale',)",39
332,"('auditory',)",35
333,"('outputs',)",35
334,"('location',)",3
335,"('upper',)",3
336,"('problems',)",35
337,"('stage',)",3
338,"('pairwise',)",38
339,"('exp',)",38
340,"('robot',)",35
341,"('vision',)",26
342,"('divergence',)",38
343,"('length',)",3
344,"('problem',)",38
345,"('conditions',)",3
346,"('embedding',)",38
347,"('natural',)",3
348,"('semi',)",26
349,"('statistical',)",13
350,"('agents',)",21
351,"('current',)",38
352,"('average',)",26
353,"('measure',)",3
354,"('expected',)",3
355,"('iterations',)",7
356,"('policies',)",2
357,"('adaptation',)",37
358,"('trial',)",26
359,"('proposed',)",25
360,"('potential',)",35
361,"('pixels',)",15
362,"('setting',)",26
363,"('validation',)",3
364,"('instances',)",38
365,"('top',)",38
366,"('scene',)",35
367,"('code',)",10
368,"('curve',)",3
369,"('machine',)",32
370,"('expert',)",3
371,"('instance',)",35
372,"('reconstruction',)",6
373,"('velocity',)",3
374,"('operator',)",26
375,"('product',)",26
376,"('procedure',)",38
377,"('multiple',)",38
378,"('predictions',)",3
379,"('programming',)",26
380,"('framework',)",26
381,"('statistics',)",3
382,"('assumption',)",38
383,"('depth',)",38
384,"('causal',)",35
385,"('change',)",7
386,"('player',)",15
387,"('proposition',)",35
388,"('sources',)",35
389,"('equations',)",38
390,"('mapping',)",38
391,"('maximum',)",35
392,"('behavior',)",26
393,"('free',)",38
394,"('cross',)",26
395,"('robust',)",37
396,"('fields',)",28
397,"('learner',)",26
398,"('eigenvalues',)",38
399,"('negative',)",35
400,"('trials',)",38
401,"('exponential',)",26
402,"('lower',)",38
403,"('proc',)",21
404,"('gain',)",7
405,"('games',)",38
406,"('initial',)",3
407,"('minimization',)",25
408,"('channel',)",38
409,"('series',)",0
410,"('observed',)",14
411,"('forward',)",3
412,"('user',)",26
413,"('minimum',)",6
414,"('sensory',)",7
415,"('bandit',)",4
416,"('synapse',)",38
417,"('estimated',)",38
418,"('environment',)",26
419,"('experiments',)",26
420,"('missing',)",10
421,"('curves',)",38
422,"('errors',)",26
423,"('stationary',)",6
424,"('poisson',)",37
425,"('head',)",3
426,"('definition',)",38
427,"('experiment',)",38
428,"('discrete',)",38
429,"('noisy',)",38
430,"('independent',)",26
431,"('section',)",0
432,"('distributed',)",26
433,"('family',)",26
434,"('observation',)",15
435,"('experts',)",26
436,"('exact',)",3
437,"('structured',)",26
438,"('smooth',)",3
439,"('logistic',)",38
440,"('row',)",26
441,"('quadratic',)",3
442,"('batch',)",38
443,"('elements',)",26
444,"('dimensionality',)",26
445,"('solutions',)",38
446,"('predictive',)",10
447,"('center',)",35
448,"('functional',)",26
449,"('weighted',)",26
450,"('value',)",35
451,"('mutual',)",10
452,"('self',)",26
453,"('inverse',)",38
454,"('trajectories',)",19
455,"('message',)",26
456,"('grid',)",26
457,"('hence',)",0
458,"('design',)",37
459,"('train',)",35
460,"('maps',)",3
461,"('decomposition',)",38
462,"('unsupervised',)",38
463,"('column',)",35
464,"('transfer',)",0
465,"('constant',)",10
466,"('bit',)",20
467,"('membrane',)",34
468,"('inhibitory',)",37
469,"('simulation',)",35
470,"('connected',)",38
471,"('theory',)",8
472,"('boundary',)",38
473,"('video',)",38
474,"('weak',)",26
475,"('machines',)",14
476,"('type',)",0
477,"('modeling',)",3
478,"('confidence',)",14
479,"('left',)",38
480,"('scheme',)",26
481,"('reduction',)",14
482,"('ensemble',)",26
483,"('compute',)",37
484,"('simulations',)",0
485,"('precision',)",34
486,"('excitatory',)",26
487,"('sub',)",14
488,"('evidence',)",19
489,"('best',)",20
490,"('spiking',)",26
491,"('equilibrium',)",38
492,"('transformation',)",3
493,"('denote',)",26
494,"('rbf',)",14
495,"('frame',)",19
496,"('carlo',)",3
497,"('monte',)",15
498,"('inequality',)",25
499,"('delay',)",38
