"University of Minnesota, USA","trueskill.Rating(mu=25.843, sigma=1.182)"
"Jilin University, China","trueskill.Rating(mu=19.495, sigma=1.220)"
"Newcastle University, UK","trueskill.Rating(mu=23.044, sigma=1.189)"
"University of New South Wales, Australia","trueskill.Rating(mu=23.389, sigma=1.122)"
"China University of Political Science and Law, China","trueskill.Rating(mu=19.601, sigma=1.160)"
"Hunan University, China","trueskill.Rating(mu=20.105, sigma=1.215)"
"University of York, UK","trueskill.Rating(mu=24.267, sigma=1.088)"
"Arizona State University, USA","trueskill.Rating(mu=24.895, sigma=1.109)"
"University of Sussex, UK","trueskill.Rating(mu=23.073, sigma=1.289)"
"University of International Business and Economics, China","trueskill.Rating(mu=21.050, sigma=1.065)"
Hong Kong Polytechnic University,"trueskill.Rating(mu=26.131, sigma=1.164)"
"Vanderbilt University, USA","trueskill.Rating(mu=24.341, sigma=1.133)"
"Southeast University, China","trueskill.Rating(mu=23.401, sigma=1.174)"
"Seoul National University, Republic of Korea","trueskill.Rating(mu=22.029, sigma=1.233)"
"Xi'an Jiaotong University, China","trueskill.Rating(mu=21.986, sigma=1.185)"
"Northwestern University, USA","trueskill.Rating(mu=29.573, sigma=1.126)"
"Technion Israel Institute of Technology, Israel","trueskill.Rating(mu=21.582, sigma=1.099)"
"Shanghai Jiaotong University, China","trueskill.Rating(mu=26.122, sigma=1.039)"
"University of Antwerp, Belgium","trueskill.Rating(mu=21.277, sigma=1.203)"
"Tongji University, China","trueskill.Rating(mu=25.956, sigma=1.135)"
"National Cheng Kung University, Taiwan","trueskill.Rating(mu=19.650, sigma=1.227)"
"University of California, Irvine, USA","trueskill.Rating(mu=28.526, sigma=1.114)"
"Washington University in St Louis, USA","trueskill.Rating(mu=26.347, sigma=1.150)"
"Lancaster University, UK","trueskill.Rating(mu=24.080, sigma=1.151)"
"University of Copenhagen, Denmark","trueskill.Rating(mu=25.791, sigma=1.168)"
"Nanjing University, China","trueskill.Rating(mu=26.065, sigma=1.087)"
"Stony Brook University, USA","trueskill.Rating(mu=28.322, sigma=1.291)"
"University of Reading, UK","trueskill.Rating(mu=19.568, sigma=1.272)"
"London School of Economics and Political Science, UK","trueskill.Rating(mu=27.734, sigma=1.096)"
"Massachusetts Institute of Technology, USA","trueskill.Rating(mu=31.387, sigma=1.361)"
"Royal Holloway, University of London, UK","trueskill.Rating(mu=22.797, sigma=1.171)"
"Southwestern University of Finance and Economics, China","trueskill.Rating(mu=21.955, sigma=1.278)"
"University of São Paulo, Brazil","trueskill.Rating(mu=20.409, sigma=1.184)"
"University of Electronic Science and Technology, China","trueskill.Rating(mu=24.493, sigma=1.142)"
"Nankai University, China","trueskill.Rating(mu=24.989, sigma=1.092)"
"University of Sydney, Australia","trueskill.Rating(mu=28.111, sigma=1.179)"
"New York University, USA","trueskill.Rating(mu=30.218, sigma=1.129)"
"Zhejiang University, China","trueskill.Rating(mu=26.191, sigma=1.088)"
"National Taiwan Normal University, Taiwan","trueskill.Rating(mu=22.597, sigma=1.160)"
"Technische Universität München, Germany","trueskill.Rating(mu=25.839, sigma=1.146)"
"University of California, Berkeley, USA","trueskill.Rating(mu=33.897, sigma=1.391)"
"University of Illinois at Urbana Champaign, USA","trueskill.Rating(mu=28.072, sigma=1.095)"
"Wake Forest University, USA","trueskill.Rating(mu=19.145, sigma=1.255)"
"Emory University, USA","trueskill.Rating(mu=25.413, sigma=1.217)"
"George Washington University, USA","trueskill.Rating(mu=25.974, sigma=1.127)"
"Stockholm University, Sweden","trueskill.Rating(mu=22.759, sigma=1.131)"
"Cornell University, USA","trueskill.Rating(mu=35.472, sigma=1.465)"
"RWTH Aachen University, Germany","trueskill.Rating(mu=23.196, sigma=1.173)"
"Rutgers, The State University of New Jersey, USA","trueskill.Rating(mu=26.707, sigma=1.149)"
"University of California, Santa Cruz, USA","trueskill.Rating(mu=27.535, sigma=1.120)"
"Australian National University, Australia","trueskill.Rating(mu=25.822, sigma=1.149)"
"Radboud University Nijmegen, Netherlands","trueskill.Rating(mu=19.920, sigma=1.334)"
"University of Montreal, Canada","trueskill.Rating(mu=23.536, sigma=1.122)"
"Rensselaer Polytechnic Institute, USA","trueskill.Rating(mu=27.431, sigma=1.173)"
"University of Wisconsin-Madison, USA","trueskill.Rating(mu=31.166, sigma=1.304)"
"Chongqing University, China","trueskill.Rating(mu=22.499, sigma=1.074)"
"Universität Bonn, Germany","trueskill.Rating(mu=25.436, sigma=1.121)"
"ETH Zürich – Swiss Federal Institute of Technology Zürich, Switzerland","trueskill.Rating(mu=29.519, sigma=1.102)"
"University of Edinburgh, UK","trueskill.Rating(mu=26.045, sigma=1.093)"
"Texas A&M University, USA","trueskill.Rating(mu=24.236, sigma=1.010)"
"Beijing Foreign Studies University, China","trueskill.Rating(mu=21.216, sigma=1.119)"
"University of Birmingham, UK","trueskill.Rating(mu=23.575, sigma=1.159)"
"University of Melbourne, Australia","trueskill.Rating(mu=24.003, sigma=1.152)"
"University of California, Los Angeles, USA","trueskill.Rating(mu=34.043, sigma=1.402)"
"Leiden University, Netherlands","trueskill.Rating(mu=22.440, sigma=1.310)"
"Xiamen University, China","trueskill.Rating(mu=23.342, sigma=1.033)"
"Freie Universität Berlin, Germany","trueskill.Rating(mu=21.373, sigma=1.226)"
"University of Amsterdam, Netherlands","trueskill.Rating(mu=23.667, sigma=1.158)"
"Fudan University, China","trueskill.Rating(mu=26.740, sigma=1.059)"
"Université Pierre et Marie Curie, France","trueskill.Rating(mu=21.810, sigma=1.269)"
"Duke University, USA","trueskill.Rating(mu=29.316, sigma=1.121)"
"University of Cambridge, UK","trueskill.Rating(mu=33.760, sigma=1.363)"
"Universität Heidelberg, Germany","trueskill.Rating(mu=26.808, sigma=1.138)"
"University of Exeter, UK","trueskill.Rating(mu=22.879, sigma=1.113)"
"University of Michigan, USA","trueskill.Rating(mu=30.526, sigma=1.041)"
"Albert-Ludwigs-Universität Freiburg, Germany","trueskill.Rating(mu=22.435, sigma=1.105)"
"University of Zürich, Switzerland","trueskill.Rating(mu=25.716, sigma=1.025)"
"Georgetown University, USA","trueskill.Rating(mu=25.859, sigma=1.056)"
"University at Buffalo, USA","trueskill.Rating(mu=22.829, sigma=1.030)"
"National Central University, Taiwan","trueskill.Rating(mu=25.765, sigma=1.251)"
"University of California, Davis, USA","trueskill.Rating(mu=27.136, sigma=1.039)"
"University of California, Riverside, USA","trueskill.Rating(mu=26.168, sigma=1.054)"
"California Institute of Technology, USA","trueskill.Rating(mu=31.568, sigma=1.229)"
"University of Alberta, Canada","trueskill.Rating(mu=23.915, sigma=1.050)"
"Université Paris Diderot - Paris 7, France","trueskill.Rating(mu=23.708, sigma=1.147)"
"Indiana University, USA","trueskill.Rating(mu=26.070, sigma=1.063)"
"Imperial College London, UK","trueskill.Rating(mu=29.799, sigma=1.140)"
"Université Paris-Sud, France","trueskill.Rating(mu=26.239, sigma=1.132)"
"Boston University, USA","trueskill.Rating(mu=28.738, sigma=1.149)"
"University of Warwick, UK","trueskill.Rating(mu=25.314, sigma=1.216)"
"Kyoto University, Japan","trueskill.Rating(mu=28.011, sigma=1.183)"
"University of Delaware, USA","trueskill.Rating(mu=24.406, sigma=1.158)"
"Université de Lausanne, Switzerland","trueskill.Rating(mu=24.665, sigma=1.202)"
"Chinese University of Hong Kong, Hong Kong","trueskill.Rating(mu=26.272, sigma=1.001)"
"Medical University of South Carolina, USA","trueskill.Rating(mu=20.611, sigma=1.163)"
"Universität Basel, Switzerland","trueskill.Rating(mu=21.754, sigma=1.148)"
"Ludwig-Maximilians-Universität München, Germany","trueskill.Rating(mu=27.169, sigma=1.093)"
"Sun Yat-Sen University, China","trueskill.Rating(mu=18.721, sigma=1.224)"
"Johann Wolfgang Goethe-Universität Frankfurt am Main, Germany","trueskill.Rating(mu=23.257, sigma=1.120)"
"University of Geneva, Switzerland","trueskill.Rating(mu=25.537, sigma=1.095)"
"University College Dublin, Republic of Ireland","trueskill.Rating(mu=20.290, sigma=1.178)"
"University of Bristol, UK","trueskill.Rating(mu=23.227, sigma=1.145)"
"Hong Kong University of Science and Technology, Hong Kong","trueskill.Rating(mu=28.327, sigma=1.121)"
"KU Leuven, Belgium","trueskill.Rating(mu=20.211, sigma=1.238)"
"China Agricultural University, China","trueskill.Rating(mu=17.806, sigma=1.225)"
"Pennsylvania State University, USA","trueskill.Rating(mu=26.103, sigma=1.014)"
"University of Pittsburgh, USA","trueskill.Rating(mu=27.429, sigma=1.164)"
"Tufts University, USA","trueskill.Rating(mu=25.075, sigma=1.119)"
"University of Ottawa, Canada","trueskill.Rating(mu=25.344, sigma=1.161)"
"Columbia University, USA","trueskill.Rating(mu=32.397, sigma=1.130)"
"Yale University, USA","trueskill.Rating(mu=37.251, sigma=1.608)"
"Northwestern Polytechnical University, China","trueskill.Rating(mu=19.927, sigma=1.123)"
"University of Southampton, UK","trueskill.Rating(mu=22.815, sigma=1.277)"
"KTH Royal Institute of Technology, Sweden","trueskill.Rating(mu=25.379, sigma=1.216)"
"Yonsei University, Republic of Korea","trueskill.Rating(mu=17.136, sigma=1.466)"
"University of Manchester, UK","trueskill.Rating(mu=26.910, sigma=1.132)"
"University of Chicago, USA","trueskill.Rating(mu=30.083, sigma=1.288)"
"Case Western Reserve University, USA","trueskill.Rating(mu=22.904, sigma=1.228)"
"Brown University, USA","trueskill.Rating(mu=29.921, sigma=1.233)"
"École Polytechnique, France","trueskill.Rating(mu=26.712, sigma=1.143)"
"McGill University, Canada","trueskill.Rating(mu=27.496, sigma=1.217)"
"Iowa State University, USA","trueskill.Rating(mu=25.069, sigma=1.145)"
"University of St Andrews, UK","trueskill.Rating(mu=22.299, sigma=1.217)"
Hong Kong Baptist University,"trueskill.Rating(mu=21.652, sigma=1.138)"
"University of Glasgow, UK","trueskill.Rating(mu=21.953, sigma=1.256)"
"McMaster University, Canada","trueskill.Rating(mu=21.878, sigma=1.176)"
"Shandong University, China","trueskill.Rating(mu=20.106, sigma=1.273)"
"Central South University, China","trueskill.Rating(mu=20.616, sigma=1.159)"
"The University of Texas at Dallas, USA","trueskill.Rating(mu=23.147, sigma=1.212)"
"École Normale Supérieure de Lyon, France","trueskill.Rating(mu=23.764, sigma=1.072)"
"Beijing Normal University, China","trueskill.Rating(mu=23.128, sigma=1.083)"
"University of Liverpool, UK","trueskill.Rating(mu=24.448, sigma=1.116)"
"University of British Columbia, Canada","trueskill.Rating(mu=30.152, sigma=1.221)"
"Ohio State University, USA","trueskill.Rating(mu=26.824, sigma=1.082)"
"University of Arizona, USA","trueskill.Rating(mu=25.508, sigma=1.189)"
"Northeastern University, China","trueskill.Rating(mu=21.236, sigma=1.141)"
"University of Southern California, USA","trueskill.Rating(mu=31.688, sigma=1.291)"
"Nanjing University of Science and Technology, China","trueskill.Rating(mu=19.571, sigma=1.139)"
"Peking University, China","trueskill.Rating(mu=30.887, sigma=1.182)"
"City University of Hong Kong, Hong Kong","trueskill.Rating(mu=26.013, sigma=1.072)"
"Harbin Institute of Technology, China","trueskill.Rating(mu=23.883, sigma=1.006)"
"University of Macau, China","trueskill.Rating(mu=19.029, sigma=1.153)"
"University of Western Australia, Australia","trueskill.Rating(mu=22.606, sigma=1.069)"
"University of Nottingham, UK","trueskill.Rating(mu=25.999, sigma=1.201)"
"University of Utah, USA","trueskill.Rating(mu=23.895, sigma=1.173)"
"University of California, Santa Barbara, USA","trueskill.Rating(mu=29.196, sigma=1.200)"
"University of Aberdeen, UK","trueskill.Rating(mu=20.138, sigma=1.315)"
"University of Groningen, Netherlands","trueskill.Rating(mu=23.442, sigma=1.031)"
"Monash University, Australia","trueskill.Rating(mu=22.317, sigma=1.163)"
"University of Texas at Austin, USA","trueskill.Rating(mu=27.588, sigma=1.163)"
"Huazhong University of Science and Technology, China","trueskill.Rating(mu=21.407, sigma=1.128)"
"Karolinska Institute, Sweden","trueskill.Rating(mu=22.093, sigma=1.118)"
"Hebrew University of Jerusalem, Israel","trueskill.Rating(mu=22.843, sigma=1.173)"
"Osaka University, Japan","trueskill.Rating(mu=22.701, sigma=1.172)"
"University of Auckland, New Zealand","trueskill.Rating(mu=21.206, sigma=1.249)"
"Tsinghua University, China","trueskill.Rating(mu=28.427, sigma=1.154)"
"University of Victoria, Canada","trueskill.Rating(mu=27.412, sigma=1.182)"
"Eindhoven University of Technology, Netherlands","trueskill.Rating(mu=20.053, sigma=1.249)"
"Université Joseph Fourier, Grenoble, France","trueskill.Rating(mu=22.384, sigma=1.199)"
"University of Leicester, UK","trueskill.Rating(mu=22.075, sigma=1.229)"
"National Taiwan University, Taiwan","trueskill.Rating(mu=24.702, sigma=1.213)"
"Michigan State University, USA","trueskill.Rating(mu=25.789, sigma=1.132)"
"University of Notre Dame, USA","trueskill.Rating(mu=25.263, sigma=1.044)"
"University of Queensland Australia, Australia","trueskill.Rating(mu=23.620, sigma=1.246)"
"University of Sheffield, UK","trueskill.Rating(mu=20.727, sigma=1.378)"
"National Chiao Tung University, Taiwan","trueskill.Rating(mu=21.359, sigma=1.165)"
"National Chengchi University, Taiwan","trueskill.Rating(mu=22.093, sigma=1.344)"
"Shanghai International Studies University, China","trueskill.Rating(mu=19.594, sigma=1.180)"
"Queen Mary, University of London, UK","trueskill.Rating(mu=22.934, sigma=1.175)"
"University of East Anglia, UK","trueskill.Rating(mu=24.756, sigma=1.207)"
"Rice University, USA","trueskill.Rating(mu=28.349, sigma=1.172)"
"Georgia Institute of Technology, USA","trueskill.Rating(mu=29.243, sigma=1.130)"
"Ocean University of China, China","trueskill.Rating(mu=21.733, sigma=1.161)"
"Dartmouth College, USA","trueskill.Rating(mu=28.713, sigma=1.247)"
"University of Florida, USA","trueskill.Rating(mu=26.510, sigma=1.140)"
"National Taiwan University of Science and Technology, Taiwan","trueskill.Rating(mu=21.439, sigma=1.217)"
"Erasmus University Rotterdam, Netherlands","trueskill.Rating(mu=19.860, sigma=1.230)"
"Technical University of Denmark, Denmark","trueskill.Rating(mu=23.373, sigma=1.190)"
"Birkbeck, University of London, UK","trueskill.Rating(mu=24.120, sigma=1.161)"
"Delft University of Technology, Netherlands","trueskill.Rating(mu=22.569, sigma=1.167)"
"South China University of Technology, China","trueskill.Rating(mu=22.742, sigma=1.213)"
"National Tsing Hua University, Taiwan","trueskill.Rating(mu=23.134, sigma=1.077)"
"King's College London, UK","trueskill.Rating(mu=25.498, sigma=1.144)"
"Beijing Language and Culture University, China","trueskill.Rating(mu=19.670, sigma=1.309)"
"National Sun Yat-Sen University, Taiwan","trueskill.Rating(mu=20.937, sigma=1.174)"
"Georg-August-Universität Göttingen, Germany","trueskill.Rating(mu=23.676, sigma=1.159)"
"Boston College, USA","trueskill.Rating(mu=28.153, sigma=1.158)"
"University of Massachusetts, USA","trueskill.Rating(mu=24.778, sigma=1.100)"
"University of Cape Town, South Africa","trueskill.Rating(mu=17.376, sigma=1.243)"
"University of Rochester, USA","trueskill.Rating(mu=27.462, sigma=1.111)"
"Beijing University of Posts and Telecommunications, China","trueskill.Rating(mu=21.518, sigma=1.177)"
"Beijing Forestry University, China","trueskill.Rating(mu=17.008, sigma=1.238)"
"East China Normal University, China","trueskill.Rating(mu=20.283, sigma=1.228)"
"Nanyang Technological University, Singpapore","trueskill.Rating(mu=25.677, sigma=1.058)"
"Beijing Jiaotong University, China","trueskill.Rating(mu=20.181, sigma=1.477)"
"Ghent University, Belgium","trueskill.Rating(mu=20.511, sigma=1.249)"
"Humboldt-Universität zu Berlin, Germany","trueskill.Rating(mu=23.529, sigma=1.169)"
"Princeton University, USA","trueskill.Rating(mu=34.616, sigma=1.554)"
"University of Toronto, Canada","trueskill.Rating(mu=29.738, sigma=1.332)"
"University of Oxford, UK","trueskill.Rating(mu=32.978, sigma=1.195)"
"The University of Hong Kong, Hong Kong","trueskill.Rating(mu=29.123, sigma=1.139)"
University of Science and Technology of China,"trueskill.Rating(mu=24.564, sigma=1.117)"
"University of Illinois at Chicago, USA","trueskill.Rating(mu=24.894, sigma=1.074)"
"National University of Singapore, Singapore","trueskill.Rating(mu=26.483, sigma=1.152)"
"Shanghai University of Finance and Economics, China","trueskill.Rating(mu=21.310, sigma=1.086)"
"University of Science and Technology Beijing, China","trueskill.Rating(mu=22.614, sigma=1.098)"
University of Chinese Academy of Sciences,"trueskill.Rating(mu=24.765, sigma=1.130)"
"University of Helsinki, Finland","trueskill.Rating(mu=23.659, sigma=1.184)"
"Maastricht University, Netherlands","trueskill.Rating(mu=21.918, sigma=1.123)"
"University of Colorado Boulder, USA","trueskill.Rating(mu=23.521, sigma=1.071)"
"William & Mary, USA","trueskill.Rating(mu=23.473, sigma=1.127)"
"University of Miami, USA","trueskill.Rating(mu=23.636, sigma=1.062)"
"Stanford University, USA","trueskill.Rating(mu=34.390, sigma=1.506)"
"Yeshiva University, USA","trueskill.Rating(mu=18.421, sigma=1.401)"
"Trinity College Dublin, Republic of Ireland","trueskill.Rating(mu=19.779, sigma=1.257)"
"Lingnan University, Hong Kong","trueskill.Rating(mu=20.846, sigma=1.237)"
"Pohang University of Science and Technology, Republic of Korea","trueskill.Rating(mu=19.725, sigma=1.175)"
"Colorado School of Mines, USA","trueskill.Rating(mu=22.461, sigma=1.085)"
"University of North Carolina at Chapel Hill, USA","trueskill.Rating(mu=28.274, sigma=1.124)"
"University of Bern, Switzerland","trueskill.Rating(mu=24.811, sigma=1.084)"
"Sichuan University, China","trueskill.Rating(mu=20.495, sigma=1.120)"
"Wageningen University and Research Center, Netherlands","trueskill.Rating(mu=19.979, sigma=1.182)"
"Tel Aviv University, Israel","trueskill.Rating(mu=24.776, sigma=1.071)"
"Dalian University of Technology, China","trueskill.Rating(mu=20.862, sigma=1.135)"
"University of Virginia, USA","trueskill.Rating(mu=25.920, sigma=1.033)"
"Wuhan University, China","trueskill.Rating(mu=23.125, sigma=1.105)"
"University of Leeds, UK","trueskill.Rating(mu=21.992, sigma=1.188)"
"Central University of Finance and Economics, China","trueskill.Rating(mu=20.260, sigma=1.222)"
"University of Vienna, Austria","trueskill.Rating(mu=24.351, sigma=1.108)"
"Lund University, Sweden","trueskill.Rating(mu=20.737, sigma=1.428)"
"Utrecht University, Netherlands","trueskill.Rating(mu=19.645, sigma=1.311)"
"Carnegie Mellon University, USA","trueskill.Rating(mu=31.719, sigma=1.161)"
"Purdue University, USA","trueskill.Rating(mu=27.891, sigma=1.077)"
"Université Catholique de Louvain, Belgium","trueskill.Rating(mu=20.006, sigma=1.280)"
"Nanjing University of Aeronautics and Astronautics, China","trueskill.Rating(mu=21.634, sigma=1.212)"
"University of Iowa, USA","trueskill.Rating(mu=24.310, sigma=1.089)"
"Harvard University, USA","trueskill.Rating(mu=35.025, sigma=1.631)"
"University of Tokyo, Japan","trueskill.Rating(mu=27.929, sigma=1.076)"
"Johns Hopkins University, USA","trueskill.Rating(mu=30.043, sigma=1.109)"
"Beijing Institute of Technology, China","trueskill.Rating(mu=21.583, sigma=1.122)"
"University of Pennsylvania, USA","trueskill.Rating(mu=31.353, sigma=1.144)"
"Uppsala University, Sweden","trueskill.Rating(mu=22.412, sigma=1.143)"
"Tokyo Institute of Technology, Japan","trueskill.Rating(mu=25.126, sigma=1.080)"
"Durham University, UK","trueskill.Rating(mu=22.381, sigma=1.131)"
"Tohoku University, Japan","trueskill.Rating(mu=22.083, sigma=1.254)"
Renmin University of China,"trueskill.Rating(mu=25.010, sigma=1.073)"
"University of Maryland, College Park, USA","trueskill.Rating(mu=28.834, sigma=1.027)"
"Korea Advanced Institute of Science and Technology, Republic of Korea","trueskill.Rating(mu=19.871, sigma=1.190)"
"East China University Of Science and Technology, China","trueskill.Rating(mu=20.114, sigma=1.176)"
"University College London, UK","trueskill.Rating(mu=26.987, sigma=1.061)"
"VU University Amsterdam, Netherlands","trueskill.Rating(mu=19.789, sigma=1.126)"
"University of Adelaide, Australia","trueskill.Rating(mu=23.015, sigma=1.303)"
"University of California, San Diego, USA","trueskill.Rating(mu=30.758, sigma=1.187)"
"Beijing University of Aeronautics and Astronautics, China","trueskill.Rating(mu=21.375, sigma=1.171)"
"Aarhus University, Denmark","trueskill.Rating(mu=20.199, sigma=1.311)"
"Tianjin University, China","trueskill.Rating(mu=24.150, sigma=1.035)"
"École Polytechnique Fédérale de Lausanne, Switzerland","trueskill.Rating(mu=25.895, sigma=1.072)"
"University of Washington, USA","trueskill.Rating(mu=30.180, sigma=1.124)"
"Karlsruhe Institute of Technology, Germany","trueskill.Rating(mu=22.374, sigma=1.265)"
"University of Twente, Netherlands","trueskill.Rating(mu=17.435, sigma=1.442)"
"École Normale Supérieure, France","trueskill.Rating(mu=24.969, sigma=1.138)"
